workerIdAnon,randCondNum,valid,dem_gender,dem_language,iwould_large,iexpectother_large,predicted_C_proport,total_time,emotion_order,val_notrecognized,val_recognized,val_familiar,val_trainingvideo,val_emomatch_contemptuous,val_expressionmatch_joyful,payoff_comprehension_CD12_p1,payoff_comprehension_CD12_p2,payoff_comprehension_DD42_p1,payoff_comprehension_CC42_p1
de4284021f8ac5c534c18e1997a424c7ac9abcdbbf3bcaf81ba94bc0,set38,1,male,English,split,notsure,40,1107.927,"['Proud', 'Apprehensive', 'Guilty', 'Disgusted', 'Joyful', 'Annoyed', 'Contemptuous', 'Furious', 'Devastated', 'Excited', 'Surprised', 'Embarrassed', 'Impressed', 'Hopeful', 'Jealous', 'Content', 'Grateful', 'Terrified', 'Relieved', 'Disappointed']",1,"No, I've never seen the show, actually.",No I was familiar with all of the emotions to rate and what they meant,7510,disdainful,AF25HAS,0,12000,0,21000
babdd25a99d7c8c475fafb445d1864969541185011b1aa5de9807f30,set32,1,male,English,notsure,split,30,1074.173,"['Excited', 'Surprised', 'Contemptuous', 'Terrified', 'Apprehensive', 'Hopeful', 'Content', 'Jealous', 'Impressed', 'Annoyed', 'Disappointed', 'Furious', 'Joyful', 'Proud', 'Relieved', 'Disgusted', 'Guilty', 'Devastated', 'Grateful', 'Embarrassed']",1,No.,"No, I understood all of them.",7510,disdainful,AF25HAS,0,12000,0,21000
95772273875842b82ac2889b5dd1c4f36a8e7d81bd0e2115e7c92275,set88,0,male,english,split,notsure,54,948.496,"['Furious', 'Guilty', 'Disappointed', 'Excited', 'Joyful', 'Devastated', 'Jealous', 'Contemptuous', 'Content', 'Terrified', 'Surprised', 'Apprehensive', 'Hopeful', 'Grateful', 'Disgusted', 'Annoyed', 'Proud', 'Relieved', 'Impressed', 'Embarrassed']",0,I had done one of these a long time ago but you couldn't skip the video.  ,I forgot what contemptuous meant for certain but I was correct in my guess.,7510,disdainful,AF25HAS,0,12000,0,42000
9ecbdbdab4e1250838810bcbe32bf464acc28cb4f66a6b6a43695a7e,set20,1,male,English,split,split,20,1079.663,"['Impressed', 'Content', 'Relieved', 'Surprised', 'Proud', 'Apprehensive', 'Guilty', 'Disappointed', 'Furious', 'Grateful', 'Disgusted', 'Contemptuous', 'Annoyed', 'Hopeful', 'Terrified', 'Excited', 'Embarrassed', 'Joyful', 'Jealous', 'Devastated']",1,No,"Yes, I knew the meaning of all of the emotion labels.",7510,disdainful,AF25HAS,0,12000,0,21000
cda72ee608134169d57e61e189ef75924ca617e41cc7b0fe205e49e9,set30,1,male,English,split,notsure,65,1338.38,"['Contemptuous', 'Joyful', 'Hopeful', 'Disappointed', 'Apprehensive', 'Grateful', 'Disgusted', 'Surprised', 'Impressed', 'Guilty', 'Excited', 'Content', 'Jealous', 'Terrified', 'Devastated', 'Relieved', 'Furious', 'Proud', 'Embarrassed', 'Annoyed']",1,No.,"Yes, I knew all the words.",7510,disdainful,AF25HAS,0,12000,0,21000
00ac2878de7611a4969380dbba6c7b8d2be9b79c4a4de6d3c46ec6cc,set93,1,female,English,split,notsure,69,765.967,"['Excited', 'Devastated', 'Impressed', 'Contemptuous', 'Hopeful', 'Disgusted', 'Apprehensive', 'Relieved', 'Furious', 'Embarrassed', 'Surprised', 'Content', 'Terrified', 'Guilty', 'Grateful', 'Joyful', 'Jealous', 'Disappointed', 'Proud', 'Annoyed']",1,"No, I did not.",I knew all of the emotions.,7510,disdainful,AF25HAS,0,12000,0,21000
2107766e9af68d7ed48230a4bd160c984cd281ea437752513d6c7c50,set117,1,male,English,steal,notsure,60,886.932,"['Terrified', 'Jealous', 'Disappointed', 'Furious', 'Devastated', 'Disgusted', 'Relieved', 'Guilty', 'Proud', 'Surprised', 'Embarrassed', 'Joyful', 'Contemptuous', 'Hopeful', 'Grateful', 'Annoyed', 'Impressed', 'Apprehensive', 'Excited', 'Content']",1,Nope,Understood them all.,7510,disdainful,AF25HAS,0,12000,0,21000
a0d9c8204f09a665fa8cf035acf4ce4bd9e01eeeadb4e0ac4873d30d,set82,1,female,English,split,notsure,30,1523.485,"['Proud', 'Disgusted', 'Hopeful', 'Surprised', 'Joyful', 'Content', 'Guilty', 'Furious', 'Impressed', 'Grateful', 'Jealous', 'Apprehensive', 'Disappointed', 'Devastated', 'Terrified', 'Annoyed', 'Embarrassed', 'Relieved', 'Excited', 'Contemptuous']",1,No,,7510,disdainful,AF25HAS,0,12000,0,21000
3b691154431e1277dde526bf0bdfc0e5f1c617d694782d48df3362c6,set109,1,male,English,notsure,steal,65,1294.365,"['Surprised', 'Jealous', 'Contemptuous', 'Devastated', 'Grateful', 'Furious', 'Disgusted', 'Proud', 'Guilty', 'Relieved', 'Hopeful', 'Annoyed', 'Excited', 'Joyful', 'Terrified', 'Disappointed', 'Apprehensive', 'Impressed', 'Content', 'Embarrassed']",1,no I don't,"yes, I knew all of those labels",7510,disdainful,AF25HAS,0,12000,0,21000
5f3f4f6ce2527d6e312257a455c92a05727a4c0184d4be0accba0c90,set5,1,male,English,split,split,36,951.635,"['Proud', 'Grateful', 'Disgusted', 'Annoyed', 'Furious', 'Devastated', 'Terrified', 'Excited', 'Impressed', 'Embarrassed', 'Contemptuous', 'Disappointed', 'Hopeful', 'Jealous', 'Content', 'Apprehensive', 'Guilty', 'Surprised', 'Relieved', 'Joyful']",1,No,Yes,7510,disdainful,AF25HAS,0,12000,0,0
680fae38c2d9282795fdf6f9a8c10b58d45189cef371ceec8d47f19d,set127,1,male,English,split,split,10,1193.143,"['Devastated', 'Joyful', 'Grateful', 'Guilty', 'Hopeful', 'Surprised', 'Apprehensive', 'Impressed', 'Jealous', 'Furious', 'Disappointed', 'Contemptuous', 'Terrified', 'Embarrassed', 'Annoyed', 'Proud', 'Content', 'Relieved', 'Excited', 'Disgusted']",1,no,yes,7510,disdainful,AF25HAS,0,12000,0,0
3c2d3f1dd59c861110b2890eee1bd7471f5062b1f6dae8a2967c4bb9,set69,1,male,english,split,split,37,1039.586,"['Proud', 'Impressed', 'Grateful', 'Furious', 'Jealous', 'Content', 'Guilty', 'Apprehensive', 'Joyful', 'Annoyed', 'Surprised', 'Terrified', 'Hopeful', 'Contemptuous', 'Disgusted', 'Excited', 'Embarrassed', 'Devastated', 'Relieved', 'Disappointed']",1,no,yes,7510,disdainful,AF25HAS,0,12000,0,21000
9b2ddd89f9aebf01075bbf8906d8c7500fcc3d09fdf73ee585ee3278,set57,1,male,English,split,notsure,40,3248.082,"['Proud', 'Joyful', 'Impressed', 'Disappointed', 'Relieved', 'Apprehensive', 'Terrified', 'Excited', 'Devastated', 'Jealous', 'Furious', 'Disgusted', 'Hopeful', 'Contemptuous', 'Content', 'Guilty', 'Annoyed', 'Surprised', 'Grateful', 'Embarrassed']",1,No not at all.,Yes I believe that I understood them well.,7510,disdainful,AF25HAS,0,12000,0,21000
c93a5614b9e3091747afe3024e0a67569529d04e8a6d3f2aa68f7320,set97,1,male,English,notsure,steal,60,901.444,"['Relieved', 'Grateful', 'Annoyed', 'Disgusted', 'Proud', 'Jealous', 'Terrified', 'Impressed', 'Disappointed', 'Embarrassed', 'Furious', 'Apprehensive', 'Excited', 'Hopeful', 'Contemptuous', 'Joyful', 'Content', 'Guilty', 'Surprised', 'Devastated']",1,no,knew them all,7510,disdainful,AF25HAS,0,12000,0,21000
200c9472ba554268475972919d5cc27bfc1e226e5cc417bcaaa07e1b,set121,1,male,English,steal,notsure,40,701.235,"['Relieved', 'Contemptuous', 'Grateful', 'Guilty', 'Jealous', 'Devastated', 'Proud', 'Disappointed', 'Hopeful', 'Joyful', 'Embarrassed', 'Disgusted', 'Furious', 'Surprised', 'Content', 'Terrified', 'Annoyed', 'Impressed', 'Apprehensive', 'Excited']",1,no,Yes I understood the labels,7510,disdainful,AF25HAS,0,12000,0,21000
701c03a685f512c0d739c0d37fad44b324a47ca999a96571ceda2d83,set11,1,female,English,split,split,20,3198.262,"['Hopeful', 'Surprised', 'Excited', 'Proud', 'Terrified', 'Contemptuous', 'Grateful', 'Annoyed', 'Impressed', 'Apprehensive', 'Relieved', 'Devastated', 'Embarrassed', 'Joyful', 'Disappointed', 'Content', 'Jealous', 'Furious', 'Disgusted', 'Guilty']",1,"no, none","yes, all",7510,disdainful,AF25HAS,0,12000,0,21000
918c87fbe3f9455df479ce692424d43f4f016fbb55170d86e48040a1,set85,1,female,English,notsure,steal,42,1773.575,"['Surprised', 'Embarrassed', 'Annoyed', 'Relieved', 'Jealous', 'Proud', 'Grateful', 'Furious', 'Terrified', 'Guilty', 'Devastated', 'Disappointed', 'Joyful', 'Excited', 'Contemptuous', 'Apprehensive', 'Impressed', 'Hopeful', 'Disgusted', 'Content']",1,no,On most of them I did know the emotions labeled,7510,disdainful,AF25HAS,6000,12000,42000,21000
8e568ce1b1b5fcb39ef3b04b35c6de589e0a41bc4bc42a2ab29d3c88,set93,1,female,English,notsure,notsure,50,1192.084,"['Annoyed', 'Guilty', 'Content', 'Impressed', 'Proud', 'Joyful', 'Apprehensive', 'Surprised', 'Relieved', 'Furious', 'Hopeful', 'Devastated', 'Terrified', 'Embarrassed', 'Excited', 'Contemptuous', 'Grateful', 'Jealous', 'Disgusted', 'Disappointed']",1,No,I knew all of them,7510,disdainful,AF25HAS,0,12000,0,21000
c8718d07cb37d3622073dfb5ab2cb7d23ea69f60aad4418e1aa2de14,set69,0,other,American English,split,notsure,62,2023.079,"['Surprised', 'Embarrassed', 'Grateful', 'Furious', 'Impressed', 'Joyful', 'Contemptuous', 'Disgusted', 'Jealous', 'Disappointed', 'Guilty', 'Hopeful', 'Relieved', 'Excited', 'Proud', 'Apprehensive', 'Annoyed', 'Devastated', 'Content', 'Terrified']",0,"I did not recognize particular videos, but I feel that I may have seen this show many years ago a few times at least.","Yes, I knew the meaning of all the emotion labels.",7510,disdainful,AF25HAS,0,12000,0,21000
faf60eb29a478818a231f6aeece404d6a188b8e770a58e09722e4199,set48,1,female,English,split,split,27,1047.003,"['Surprised', 'Joyful', 'Furious', 'Hopeful', 'Impressed', 'Grateful', 'Guilty', 'Content', 'Disgusted', 'Contemptuous', 'Jealous', 'Embarrassed', 'Disappointed', 'Excited', 'Terrified', 'Apprehensive', 'Devastated', 'Annoyed', 'Proud', 'Relieved']",1,no,I knew them all,7510,disdainful,AF25HAS,0,12000,0,21000
b03a6c6e44da00efa7fc5ddbb6b84c5e1cf3c201931e1b97bedcccbe,set2,1,female,English,notsure,notsure,70,1676.954,"['Disgusted', 'Hopeful', 'Embarrassed', 'Joyful', 'Apprehensive', 'Contemptuous', 'Devastated', 'Content', 'Impressed', 'Excited', 'Terrified', 'Guilty', 'Annoyed', 'Furious', 'Disappointed', 'Grateful', 'Relieved', 'Jealous', 'Proud', 'Surprised']",1,No,I knew the meaning.,7510,disdainful,AF25HAS,0,12000,0,21000
6d7bbedb18fc2ebc88cad8983d5fb338a2b2d6c9f40ca7a21bcb1515,set79,1,male,eng,notsure,steal,21,893.002,"['Hopeful', 'Content', 'Relieved', 'Terrified', 'Joyful', 'Embarrassed', 'Grateful', 'Annoyed', 'Disappointed', 'Guilty', 'Disgusted', 'Apprehensive', 'Impressed', 'Excited', 'Proud', 'Devastated', 'Jealous', 'Contemptuous', 'Furious', 'Surprised']",1,no,i knew them all,7510,disdainful,AF25HAS,6000,12000,42000,21000
ccb3f35b4a8dee9aeba82421173128d62a9ce98f955c90e4c7eb30f1,set105,1,male,English,split,notsure,77,892.371,"['Embarrassed', 'Annoyed', 'Devastated', 'Contemptuous', 'Terrified', 'Disgusted', 'Furious', 'Relieved', 'Apprehensive', 'Joyful', 'Guilty', 'Disappointed', 'Jealous', 'Content', 'Proud', 'Excited', 'Impressed', 'Hopeful', 'Surprised', 'Grateful']",1,No,Yes I did. I am familiar with all the words.,7510,disdainful,AF25HAS,0,12000,0,21000
eb9facc968ba584ebd351cf0f0f50a47042665a40c833714fdc408f3,set102,1,male,English,split,notsure,66,1276.576,"['Embarrassed', 'Hopeful', 'Apprehensive', 'Grateful', 'Disgusted', 'Impressed', 'Guilty', 'Terrified', 'Surprised', 'Furious', 'Contemptuous', 'Proud', 'Jealous', 'Joyful', 'Excited', 'Relieved', 'Annoyed', 'Disappointed', 'Devastated', 'Content']",1,No,Contemptuous,7510,disdainful,AF25HAS,0,12000,0,21000
fc5341e9b6cdc1421aca9adc9a4908b1698f1c883ae815cdb6f2648f,set109,1,female,English,notsure,split,16,1671.637,"['Contemptuous', 'Jealous', 'Disappointed', 'Disgusted', 'Surprised', 'Excited', 'Embarrassed', 'Joyful', 'Terrified', 'Relieved', 'Guilty', 'Annoyed', 'Apprehensive', 'Proud', 'Content', 'Impressed', 'Furious', 'Devastated', 'Grateful', 'Hopeful']",1,No,Contemptuous I was not too sure of. ,7510,disdainful,AF25HAS,0,12000,0,21000
511c1281324e0879943b9cca11693a830ed7870cfc16de9039f5eb4d,set105,1,male,English,steal,steal,68,631.437,"['Terrified', 'Disgusted', 'Annoyed', 'Surprised', 'Content', 'Relieved', 'Furious', 'Apprehensive', 'Proud', 'Excited', 'Contemptuous', 'Grateful', 'Embarrassed', 'Jealous', 'Guilty', 'Hopeful', 'Disappointed', 'Joyful', 'Devastated', 'Impressed']",1,None,I was familiar with them all.,7510,disdainful,AF25HAS,0,12000,0,21000
5b95277e519da57cc855c7763e4485129923dcc7c44595a1fa02708f,set124,1,male,English,steal,notsure,60,1833.711,"['Impressed', 'Hopeful', 'Joyful', 'Excited', 'Surprised', 'Grateful', 'Embarrassed', 'Devastated', 'Terrified', 'Apprehensive', 'Content', 'Guilty', 'Annoyed', 'Disgusted', 'Jealous', 'Disappointed', 'Furious', 'Relieved', 'Proud', 'Contemptuous']",1,No.,"Yes, they are all quite familiar.",7510,disdainful,AF25HAS,0,12000,0,21000
6d0ab8fc4aa5b13e9e200d9994f723fdc1828c7b8c3f20503175ebe4,set111,1,female,English,split,notsure,30,1428.096,"['Impressed', 'Hopeful', 'Joyful', 'Jealous', 'Annoyed', 'Surprised', 'Apprehensive', 'Devastated', 'Disappointed', 'Guilty', 'Terrified', 'Embarrassed', 'Content', 'Proud', 'Contemptuous', 'Grateful', 'Excited', 'Disgusted', 'Furious', 'Relieved']",1,no,I knew all of the emotions and there meanings,7510,disdainful,AF25HAS,0,12000,0,21000
e110a63127db62de81d781e18464580127e9ca07df78b7ebe453b52f,set66,1,female,english,split,split,37,942.537,"['Disappointed', 'Apprehensive', 'Proud', 'Excited', 'Hopeful', 'Annoyed', 'Furious', 'Guilty', 'Embarrassed', 'Relieved', 'Impressed', 'Contemptuous', 'Content', 'Jealous', 'Devastated', 'Grateful', 'Joyful', 'Disgusted', 'Surprised', 'Terrified']",1,no,yes,7510,disdainful,AF25HAS,0,12000,0,0
7f62a01fb4bccc68aec7df803c3d81be00b364924353fdfc6ce2f59b,set64,1,female,English,split,steal,61,2498.577,"['Surprised', 'Impressed', 'Excited', 'Devastated', 'Proud', 'Apprehensive', 'Relieved', 'Contemptuous', 'Grateful', 'Hopeful', 'Embarrassed', 'Jealous', 'Disappointed', 'Annoyed', 'Furious', 'Content', 'Terrified', 'Disgusted', 'Joyful', 'Guilty']",1,none,I know some,7510,disdainful,AF25HAS,6000,0,0,21000
b9b1374618bbb7bcfa1123f4795c4054a51220ff23c9138d46d39ac3,set112,1,male,English,split,split,35,2327.877,"['Content', 'Embarrassed', 'Contemptuous', 'Surprised', 'Disappointed', 'Terrified', 'Relieved', 'Annoyed', 'Excited', 'Disgusted', 'Furious', 'Proud', 'Impressed', 'Devastated', 'Apprehensive', 'Hopeful', 'Joyful', 'Guilty', 'Grateful', 'Jealous']",1,NO,I knew the meaning and everything was familiar,7510,disdainful,AF25HAS,0,12000,0,21000
e276bc19c7bcd67fee47469afb941d4c85da7c471e8513d130eee7af,set115,0,female,English,notsure,steal,75,1560.123,"['Annoyed', 'Guilty', 'Apprehensive', 'Terrified', 'Impressed', 'Surprised', 'Devastated', 'Jealous', 'Excited', 'Embarrassed', 'Content', 'Furious', 'Relieved', 'Contemptuous', 'Proud', 'Joyful', 'Disappointed', 'Disgusted', 'Grateful', 'Hopeful']",0,"I've seen the game, but didn't see these particular episodes. From Youtube.","I was unfamiliar with the emotions Apprehensive and Contemptuous, so I didn't know how to answer those.",7510,disdainful,AF25HAS,0,12000,0,21000
72a3f2df50999c80f41651cd200e2ed08cf508e824cceeb6b9749488,set12,1,female,English,notsure,notsure,38,2418.262,"['Annoyed', 'Contemptuous', 'Joyful', 'Disappointed', 'Content', 'Guilty', 'Disgusted', 'Proud', 'Grateful', 'Surprised', 'Apprehensive', 'Furious', 'Jealous', 'Excited', 'Relieved', 'Devastated', 'Embarrassed', 'Terrified', 'Impressed', 'Hopeful']",1,no,yes,7510,disdainful,AF25HAS,6000,6000,0,21000
21cfb7ebee5827bd68039170436ef659783f23afa554b3f6f44f5e9e,set68,1,female,English,notsure,steal,74,3279.612,"['Disgusted', 'Annoyed', 'Devastated', 'Furious', 'Embarrassed', 'Proud', 'Guilty', 'Hopeful', 'Terrified', 'Jealous', 'Joyful', 'Contemptuous', 'Impressed', 'Grateful', 'Disappointed', 'Content', 'Surprised', 'Apprehensive', 'Relieved', 'Excited']",1,"no, I do not recognize any of them",I understand all of the emotions listed. I am a college graduate. ,7510,disdainful,AF25HAS,0,12000,0,21000
9eb5b1ab5202353580f1da5f48f38a7065b935d1fd56589b30416a50,set92,1,male,English,split,split,24,1437.901,"['Grateful', 'Embarrassed', 'Guilty', 'Devastated', 'Impressed', 'Terrified', 'Surprised', 'Joyful', 'Annoyed', 'Disappointed', 'Contemptuous', 'Proud', 'Content', 'Jealous', 'Disgusted', 'Hopeful', 'Furious', 'Apprehensive', 'Relieved', 'Excited']",1,no,yes,7510,disdainful,AF25HAS,6000,6000,0,21000
d7c7092a3e4cb50ca09e836c4664f462da3b2789ed56ba9b7a39f5db,set63,1,male,,split,notsure,50,1554.918,"['Surprised', 'Furious', 'Disgusted', 'Guilty', 'Embarrassed', 'Excited', 'Proud', 'Relieved', 'Content', 'Terrified', 'Devastated', 'Grateful', 'Disappointed', 'Apprehensive', 'Joyful', 'Impressed', 'Hopeful', 'Contemptuous', 'Jealous', 'Annoyed']",1,,,7510,disdainful,AF25HAS,6000,6000,42000,21000
2f0be1734f09c4dfb126edd1ac9260c4c33c2eeffaa53cf4315248dd,set115,1,male,English,notsure,notsure,34,1253.179,"['Content', 'Joyful', 'Contemptuous', 'Surprised', 'Terrified', 'Disappointed', 'Guilty', 'Relieved', 'Jealous', 'Proud', 'Impressed', 'Annoyed', 'Devastated', 'Furious', 'Disgusted', 'Hopeful', 'Excited', 'Apprehensive', 'Embarrassed', 'Grateful']",1,n/a,Yes.,7510,disdainful,AF25HAS,0,12000,0,21000
603940a7d3377551ed477d5b997dbc08a45b83550795c1d139824bc1,set93,1,female,English,split,notsure,35,1836.766,"['Devastated', 'Joyful', 'Guilty', 'Hopeful', 'Terrified', 'Proud', 'Disgusted', 'Apprehensive', 'Content', 'Disappointed', 'Grateful', 'Excited', 'Contemptuous', 'Jealous', 'Surprised', 'Impressed', 'Annoyed', 'Embarrassed', 'Furious', 'Relieved']",1,I didn't recognize any of the videos or images. ,I knew what all the meanings were of the emotion labels. ,7510,disdainful,AF25HAS,0,12000,0,21000
13d6d0f095ecde1bb6365633b3de93edbc3b2fa76a81a03847a991e5,set124,1,male,English,split,split,32,1172.589,"['Surprised', 'Disappointed', 'Proud', 'Relieved', 'Impressed', 'Joyful', 'Jealous', 'Hopeful', 'Content', 'Contemptuous', 'Excited', 'Furious', 'Devastated', 'Guilty', 'Terrified', 'Embarrassed', 'Annoyed', 'Grateful', 'Apprehensive', 'Disgusted']",1,no,I was familiar with all of the labels.,7510,disdainful,AF25HAS,0,12000,0,21000
0d0a7fbfba8019c6a4ee65512488b6def966a37f8a148a73ae006360,set20,1,male,english,split,split,34,1323.612,"['Hopeful', 'Joyful', 'Excited', 'Relieved', 'Devastated', 'Terrified', 'Disgusted', 'Jealous', 'Contemptuous', 'Content', 'Grateful', 'Annoyed', 'Furious', 'Impressed', 'Apprehensive', 'Surprised', 'Embarrassed', 'Guilty', 'Disappointed', 'Proud']",1,no,yes,7510,disdainful,AF25HAS,0,6000,0,21000
9e5aa0ac637cc0e864e801de140d99614bb4c016a24d9372d779ad1e,set83,1,,english,split,split,34,1641.443,"['Hopeful', 'Terrified', 'Embarrassed', 'Joyful', 'Surprised', 'Grateful', 'Jealous', 'Disgusted', 'Annoyed', 'Disappointed', 'Excited', 'Guilty', 'Content', 'Relieved', 'Apprehensive', 'Proud', 'Impressed', 'Contemptuous', 'Devastated', 'Furious']",1,no,no,7510,disdainful,AF25HAS,0,12000,42000,0
cc76e4513358ce7cfdce24115d2c9856441dd9ef6b49e8d2b5576c3e,set100,1,male,English,notsure,steal,77,1256.165,"['Annoyed', 'Terrified', 'Grateful', 'Impressed', 'Embarrassed', 'Guilty', 'Disappointed', 'Surprised', 'Apprehensive', 'Excited', 'Furious', 'Disgusted', 'Proud', 'Hopeful', 'Relieved', 'Devastated', 'Joyful', 'Content', 'Contemptuous', 'Jealous']",1,No,"Contemptuous was sort of vague, although I had a general idea of what it meant. ",7510,disdainful,AF25HAS,0,12000,0,21000
53e7b50715a8d8876d90e306c36a414a8c4034881bb2f5013b2dcdf0,set25,1,male,English,notsure,notsure,55,2103.537,"['Annoyed', 'Surprised', 'Relieved', 'Disgusted', 'Proud', 'Hopeful', 'Excited', 'Jealous', 'Terrified', 'Joyful', 'Content', 'Contemptuous', 'Furious', 'Guilty', 'Grateful', 'Disappointed', 'Apprehensive', 'Embarrassed', 'Impressed', 'Devastated']",1,No.,"Yes, I knew all of them.",7510,disdainful,AF25HAS,0,12000,0,0
f4c7418e1ad16a80e56872e49c9663dfba468ea0c29fafd95dfb98e9,set92,1,female,English,notsure,steal,84,1586.725,"['Joyful', 'Impressed', 'Disgusted', 'Annoyed', 'Hopeful', 'Grateful', 'Furious', 'Jealous', 'Surprised', 'Embarrassed', 'Guilty', 'Devastated', 'Disappointed', 'Contemptuous', 'Proud', 'Excited', 'Content', 'Terrified', 'Apprehensive', 'Relieved']",1,no,knew them all.,7510,disdainful,AF25HAS,6000,6000,42000,21000
dc07ff72fecf40a01e17ce11a7728a7ce61e9ee7910ba8cd6bdb207f,set95,1,female,english,split,split,24,1046.432,"['Grateful', 'Disgusted', 'Jealous', 'Apprehensive', 'Contemptuous', 'Hopeful', 'Proud', 'Joyful', 'Relieved', 'Excited', 'Impressed', 'Disappointed', 'Embarrassed', 'Furious', 'Content', 'Surprised', 'Guilty', 'Devastated', 'Annoyed', 'Terrified']",1,No.,Yes I am familiar with all of them.,7510,disdainful,AF25HAS,0,12000,0,21000
5af6598133c9de1dd049dd5c4481dfbd6cc699e0494add7fd6e92a98,set77,1,male,English,split,notsure,45,1528.529,"['Surprised', 'Disgusted', 'Jealous', 'Furious', 'Relieved', 'Proud', 'Devastated', 'Terrified', 'Hopeful', 'Apprehensive', 'Content', 'Guilty', 'Joyful', 'Annoyed', 'Impressed', 'Disappointed', 'Contemptuous', 'Excited', 'Embarrassed', 'Grateful']",1,None,I am familiar with all of them.,7510,disdainful,AF25HAS,0,12000,0,21000
3648cf0de290a2c874895fe48face1c9b95c539ac621197ddc5f82ea,set114,1,male,english,split,split,30,1015.191,"['Excited', 'Content', 'Proud', 'Surprised', 'Relieved', 'Furious', 'Grateful', 'Devastated', 'Embarrassed', 'Disappointed', 'Joyful', 'Annoyed', 'Disgusted', 'Jealous', 'Hopeful', 'Terrified', 'Impressed', 'Guilty', 'Contemptuous', 'Apprehensive']",1,no,yes,7510,disdainful,AF25HAS,0,12000,0,21000
98b8500f12307af76568cf7956348e754081189cc3314bf5b90320b3,set118,1,male,English,split,split,35,1116.894,"['Jealous', 'Embarrassed', 'Excited', 'Surprised', 'Devastated', 'Apprehensive', 'Hopeful', 'Disappointed', 'Impressed', 'Content', 'Proud', 'Contemptuous', 'Disgusted', 'Annoyed', 'Joyful', 'Terrified', 'Guilty', 'Grateful', 'Relieved', 'Furious']",1,,Yes I knew the meanings of the emotion labels,7510,disdainful,AF25HAS,0,12000,0,0
700a04ba5b3ca97a5a1e9c77bf538b73b65ba0a3263c809d96e45937,set116,0,female,English,split,split,37,1148.398,"['Impressed', 'Furious', 'Proud', 'Annoyed', 'Guilty', 'Hopeful', 'Disappointed', 'Embarrassed', 'Joyful', 'Content', 'Disgusted', 'Terrified', 'Surprised', 'Jealous', 'Apprehensive', 'Grateful', 'Contemptuous', 'Excited', 'Relieved', 'Devastated']",1,No,Yes,7510,envious,AF25HAS,6000,0,0,21000
2c0d1548c7328cfea6d19c46d66ad43d06dcc0371ecd9f5548dac6d1,set98,1,female,English,split,notsure,48,1128.51,"['Joyful', 'Proud', 'Terrified', 'Hopeful', 'Excited', 'Annoyed', 'Relieved', 'Guilty', 'Contemptuous', 'Embarrassed', 'Furious', 'Surprised', 'Jealous', 'Disappointed', 'Disgusted', 'Apprehensive', 'Impressed', 'Devastated', 'Content', 'Grateful']",1,No,Yes,7510,disdainful,AF25HAS,0,12000,0,21000
a2cbbbdbb4505f81d0700f1a792e750971499846053bb0c2da754573,set103,1,male,English,steal,split,25,1081.939,"['Content', 'Relieved', 'Guilty', 'Proud', 'Disappointed', 'Devastated', 'Embarrassed', 'Joyful', 'Surprised', 'Annoyed', 'Disgusted', 'Contemptuous', 'Impressed', 'Excited', 'Grateful', 'Hopeful', 'Terrified', 'Furious', 'Apprehensive', 'Jealous']",1,No,"Yes, I knew all of the meanings.",7510,disdainful,AF25HAS,0,12000,0,21000
1e16c7d0ea4ef8a94c648e28783182b25c931e46924f3a7dbf814359,set131,1,female,English,split,notsure,20,1272.635,"['Terrified', 'Apprehensive', 'Hopeful', 'Grateful', 'Joyful', 'Impressed', 'Disgusted', 'Annoyed', 'Jealous', 'Relieved', 'Excited', 'Guilty', 'Contemptuous', 'Devastated', 'Disappointed', 'Furious', 'Content', 'Embarrassed', 'Proud', 'Surprised']",1,no,yes I knew the meaning ,7510,disdainful,AF25HAS,6000,12000,42000,21000
da023735693c5f2c286d2088c53948d729308f7b4f560acda9a7db73,set22,1,female,,steal,notsure,45,1228.79,"['Hopeful', 'Contemptuous', 'Disgusted', 'Embarrassed', 'Disappointed', 'Apprehensive', 'Jealous', 'Furious', 'Devastated', 'Impressed', 'Guilty', 'Content', 'Grateful', 'Excited', 'Joyful', 'Surprised', 'Annoyed', 'Proud', 'Terrified', 'Relieved']",1,none,yes,7510,disdainful,AF25HAS,0,12000,0,21000
c582ac88e737347c961cbdfbad21af8afb2f932791f7ab4fcd556915,set65,1,male,English,notsure,notsure,60,1107.236,"['Relieved', 'Disappointed', 'Impressed', 'Annoyed', 'Furious', 'Jealous', 'Terrified', 'Grateful', 'Embarrassed', 'Excited', 'Apprehensive', 'Hopeful', 'Surprised', 'Guilty', 'Content', 'Proud', 'Devastated', 'Disgusted', 'Contemptuous', 'Joyful']",1,I didn't recognize any of the videos.,Yes.,7510,disdainful,AF25HAS,0,12000,0,0
c112351be4da0b74b99787bf142ad6ae9b02479ef8d9a51d88ff4080,set75,1,male,English,split,split,25,1562.239,"['Disappointed', 'Annoyed', 'Joyful', 'Guilty', 'Surprised', 'Terrified', 'Devastated', 'Content', 'Grateful', 'Furious', 'Embarrassed', 'Jealous', 'Apprehensive', 'Hopeful', 'Contemptuous', 'Disgusted', 'Relieved', 'Impressed', 'Excited', 'Proud']",1,no,understood them all,7510,disdainful,AF25HAS,0,12000,0,21000
17f6399747350d632c752fe7d96ce7cf89a430e4f8d975394fc1c70c,set16,1,female,English,split,notsure,24,1815.429,"['Apprehensive', 'Embarrassed', 'Annoyed', 'Grateful', 'Impressed', 'Content', 'Proud', 'Terrified', 'Disappointed', 'Surprised', 'Guilty', 'Jealous', 'Excited', 'Hopeful', 'Disgusted', 'Furious', 'Relieved', 'Joyful', 'Contemptuous', 'Devastated']",1,No,No,7510,disdainful,AF25HAS,6000,6000,42000,21000
2f43d54820826815071e74bb62c84284e45d4e10dd666eb711ea8954,set21,1,,English,split,notsure,40,807.564,"['Grateful', 'Apprehensive', 'Joyful', 'Guilty', 'Contemptuous', 'Jealous', 'Content', 'Annoyed', 'Relieved', 'Proud', 'Embarrassed', 'Disgusted', 'Disappointed', 'Excited', 'Hopeful', 'Impressed', 'Terrified', 'Surprised', 'Furious', 'Devastated']",1,"No, I did not. ","Yes, I knew the meaning of all the words. ",7510,disdainful,AF25HAS,0,12000,0,21000
e6c902b00ca4f656bcd847369f8954a3e66d706640a80b580fbcae12,set99,1,male,English,steal,steal,36,1450.711,"['Proud', 'Impressed', 'Guilty', 'Hopeful', 'Terrified', 'Disappointed', 'Furious', 'Devastated', 'Disgusted', 'Content', 'Relieved', 'Apprehensive', 'Grateful', 'Annoyed', 'Surprised', 'Embarrassed', 'Jealous', 'Excited', 'Joyful', 'Contemptuous']",1,Nope. Never seen the show.,Yeah. I knew the meaning of each emotion.,7510,disdainful,AF25HAS,0,12000,0,0
68b2a8c1fd4885136f3028dacb85e8fbef70f08c0fed4a3d3385cbe1,set29,1,male,English,notsure,notsure,30,1098.898,"['Terrified', 'Excited', 'Jealous', 'Disappointed', 'Annoyed', 'Proud', 'Grateful', 'Guilty', 'Contemptuous', 'Content', 'Surprised', 'Devastated', 'Apprehensive', 'Furious', 'Relieved', 'Impressed', 'Embarrassed', 'Joyful', 'Disgusted', 'Hopeful']",1,No,Yes. All of the labels made sense and I understood them.,7510,disdainful,AF25HAS,0,12000,0,21000
113f8c6455fcb8e3878296d326f8e3a624d188c69b86f1134655787d,set46,0,male,english,steal,notsure,50,1733.646,"['Annoyed', 'Embarrassed', 'Relieved', 'Disgusted', 'Terrified', 'Furious', 'Disappointed', 'Guilty', 'Excited', 'Devastated', 'Joyful', 'Grateful', 'Apprehensive', 'Impressed', 'Hopeful', 'Proud', 'Content', 'Contemptuous', 'Jealous', 'Surprised']",0,"no, but I have heard a podcast about the show",I understood all,7510,disdainful,AF25HAS,0,12000,0,0
f6da54b1652ddd6eb80e7258621d8332718cc9bbf3c245c3aa96a10b,set73,1,male,English,steal,steal,76,940.242,"['Jealous', 'Annoyed', 'Embarrassed', 'Disappointed', 'Proud', 'Disgusted', 'Devastated', 'Joyful', 'Apprehensive', 'Hopeful', 'Guilty', 'Terrified', 'Grateful', 'Excited', 'Content', 'Surprised', 'Relieved', 'Contemptuous', 'Furious', 'Impressed']",1,No,I was familiar with them.,7510,disdainful,AF25HAS,6000,6000,21000,21000
19faaac330d8793e6f92be09982caa14151bae2bd3185ca6e6e61cc7,set34,1,female,English,steal,steal,60,2772.727,"['Terrified', 'Impressed', 'Relieved', 'Joyful', 'Apprehensive', 'Excited', 'Guilty', 'Hopeful', 'Contemptuous', 'Disappointed', 'Embarrassed', 'Annoyed', 'Devastated', 'Furious', 'Surprised', 'Grateful', 'Disgusted', 'Content', 'Jealous', 'Proud']",1,No but the HIT said they all came from a game show called Split or Steal.,"Yes, I knew the meaning of all the emotions labels.",7510,disdainful,AF25HAS,0,12000,0,21000
12fab8e60c8d59c0ba7821903a84ff86b0807a3fa4a0732a5fb1ab78,set123,1,female,English,split,split,40,1381.3,"['Joyful', 'Relieved', 'Apprehensive', 'Hopeful', 'Furious', 'Content', 'Surprised', 'Jealous', 'Excited', 'Proud', 'Disappointed', 'Contemptuous', 'Terrified', 'Grateful', 'Devastated', 'Impressed', 'Disgusted', 'Guilty', 'Annoyed', 'Embarrassed']",1,No,"Yes, I knew them all",7510,disdainful,AF25HAS,0,12000,0,21000
a08efafe1e522c3ac41a5aa144a09359df156d938f0e95760417940e,set89,1,female,English,split,notsure,32,2103.975,"['Furious', 'Devastated', 'Impressed', 'Hopeful', 'Disappointed', 'Contemptuous', 'Embarrassed', 'Surprised', 'Grateful', 'Terrified', 'Annoyed', 'Proud', 'Relieved', 'Content', 'Joyful', 'Disgusted', 'Jealous', 'Guilty', 'Excited', 'Apprehensive']",1,No,I knew all of them.,7510,disdainful,AF25HAS,0,12000,0,21000
9dac2e46ca126ac253cfd5520db85cc709fbb47cb389cbe4725680e9,set45,1,male,English,split,notsure,25,1372.214,"['Annoyed', 'Proud', 'Apprehensive', 'Disappointed', 'Hopeful', 'Grateful', 'Impressed', 'Content', 'Furious', 'Disgusted', 'Terrified', 'Contemptuous', 'Joyful', 'Relieved', 'Jealous', 'Excited', 'Devastated', 'Surprised', 'Embarrassed', 'Guilty']",1,na,I know what they all mean.,7510,disdainful,AF25HAS,0,12000,0,21000
7fc34d3efdc9b27caffdadef78339345b9ceb2bd81cc777cde1f4697,set67,1,female,English,split,notsure,20,862.4,"['Disgusted', 'Contemptuous', 'Content', 'Devastated', 'Disappointed', 'Apprehensive', 'Impressed', 'Annoyed', 'Furious', 'Proud', 'Excited', 'Terrified', 'Surprised', 'Hopeful', 'Guilty', 'Grateful', 'Embarrassed', 'Relieved', 'Jealous', 'Joyful']",1,No,Yes,7510,disdainful,AF25HAS,0,12000,42000,0
9175a51e0b6117a9811926ac3f96c241fc91836d1813e2d5f9abb3e5,set26,1,female,english,split,split,32,856.141,"['Surprised', 'Jealous', 'Disappointed', 'Relieved', 'Terrified', 'Embarrassed', 'Hopeful', 'Proud', 'Content', 'Apprehensive', 'Furious', 'Devastated', 'Excited', 'Grateful', 'Annoyed', 'Guilty', 'Contemptuous', 'Disgusted', 'Joyful', 'Impressed']",1,no,yes i knew the meanings,7510,disdainful,AF25HAS,6000,6000,0,21000
33d3684332db9d61862220290d1cfd62ef3d60868b603d04694dd879,set72,0,female,English,split,steal,63,1901.021,"['Surprised', 'Grateful', 'Excited', 'Apprehensive', 'Impressed', 'Joyful', 'Content', 'Disappointed', 'Relieved', 'Embarrassed', 'Proud', 'Disgusted', 'Devastated', 'Guilty', 'Hopeful', 'Annoyed', 'Furious', 'Contemptuous', 'Jealous', 'Terrified']",1,No,Yes,7510,envious,AF25HAS,0,12000,0,0
07c5e74a051dd60e3a015b2beed96201f351a06ca53faa5b456993d9,set128,0,female,english,split,notsure,38,967.528,"['Joyful', 'Disgusted', 'Apprehensive', 'Furious', 'Content', 'Surprised', 'Terrified', 'Contemptuous', 'Disappointed', 'Annoyed', 'Excited', 'Relieved', 'Grateful', 'Guilty', 'Proud', 'Jealous', 'Devastated', 'Impressed', 'Embarrassed', 'Hopeful']",1,no,yes,7510,envious,AF25HAS,0,12000,42000,0
70fc5e5979fafcdb9cee172b4cab72b89956edfc68f87fff2019f246,set40,1,female,English,steal,notsure,74,1790.067,"['Guilty', 'Hopeful', 'Apprehensive', 'Proud', 'Content', 'Furious', 'Relieved', 'Contemptuous', 'Devastated', 'Jealous', 'Grateful', 'Excited', 'Surprised', 'Annoyed', 'Terrified', 'Joyful', 'Disappointed', 'Embarrassed', 'Disgusted', 'Impressed']",1,no,yes,7510,disdainful,AF25HAS,6000,6000,0,0
44dcbd5400711d759f2d5dbe527bfcbd2fb426f90201d58e5ba1a79d,set86,1,male,english,notsure,notsure,34,1307.14,"['Embarrassed', 'Guilty', 'Contemptuous', 'Disgusted', 'Hopeful', 'Surprised', 'Annoyed', 'Terrified', 'Grateful', 'Excited', 'Furious', 'Content', 'Devastated', 'Disappointed', 'Joyful', 'Relieved', 'Jealous', 'Proud', 'Impressed', 'Apprehensive']",1,No,I knew the meanings,7510,disdainful,AF25HAS,0,12000,0,21000
5d7a89d85ad94119ef9ba42148028305a1b37f1acc63eaff2b49fa17,set8,1,male,,notsure,steal,75,1342.792,"['Embarrassed', 'Hopeful', 'Devastated', 'Jealous', 'Contemptuous', 'Furious', 'Joyful', 'Disgusted', 'Disappointed', 'Excited', 'Proud', 'Terrified', 'Apprehensive', 'Guilty', 'Impressed', 'Surprised', 'Grateful', 'Content', 'Annoyed', 'Relieved']",1,no,yes,7510,disdainful,AF25HAS,0,12000,0,42000
5cc914f407aeb312b412dc7e419f8bdee8491ea1845d366b65881990,set129,0,female,English,split,notsure,38,3302.085,"['Guilty', 'Annoyed', 'Joyful', 'Surprised', 'Contemptuous', 'Relieved', 'Proud', 'Devastated', 'Disgusted', 'Apprehensive', 'Disappointed', 'Embarrassed', 'Jealous', 'Impressed', 'Hopeful', 'Content', 'Terrified', 'Grateful', 'Furious', 'Excited']",0,"I thought I'd seen a clip of the first one somewhere some months back, but I'm not sure where. Would have been in an mturk survey. As I recall, it was just the one. ",I'm not unfamiliar with any of these emotion labels. ,7510,disdainful,AF25HAS,0,12000,0,21000
023f53b37286438a7a422e100b3a632d4a656fcf2edf986601ad518b,set14,1,female,English,split,steal,67,1581.36,"['Content', 'Annoyed', 'Disappointed', 'Hopeful', 'Grateful', 'Surprised', 'Jealous', 'Furious', 'Guilty', 'Excited', 'Disgusted', 'Terrified', 'Proud', 'Relieved', 'Devastated', 'Apprehensive', 'Embarrassed', 'Contemptuous', 'Joyful', 'Impressed']",1,no,Yes,7510,disdainful,AF25HAS,0,12000,0,21000
4365c488c149cf41a10250218c50a510fb5bc88a4e120353a5059c75,set23,1,male,Enlgish,split,split,15,774.427,"['Surprised', 'Annoyed', 'Devastated', 'Embarrassed', 'Hopeful', 'Relieved', 'Impressed', 'Content', 'Grateful', 'Disgusted', 'Terrified', 'Guilty', 'Apprehensive', 'Proud', 'Joyful', 'Jealous', 'Disappointed', 'Excited', 'Contemptuous', 'Furious']",1,No,Yes I knew all of the terms,7510,disdainful,AF25HAS,0,12000,0,21000
4b2a9c670be72f39d4246272e0a514d9a6453240d44fe669e10c86eb,set54,0,male,English,steal,steal,28,1919.238,"['Embarrassed', 'Disgusted', 'Excited', 'Proud', 'Jealous', 'Devastated', 'Impressed', 'Hopeful', 'Apprehensive', 'Surprised', 'Annoyed', 'Grateful', 'Furious', 'Joyful', 'Contemptuous', 'Content', 'Guilty', 'Disappointed', 'Terrified', 'Relieved']",1,I did not recognize this show or game. ,I understood all of the emotions and am familiar with them.,32900,disdainful,AF25HAS,0,12000,0,21000
8b08b5c08b09fd30386e55e1076d3f3a267c712278dd9a0629ba0fa2,set50,1,female,ENGLISH,split,notsure,30,1295.376,"['Furious', 'Annoyed', 'Disappointed', 'Relieved', 'Guilty', 'Proud', 'Devastated', 'Disgusted', 'Content', 'Impressed', 'Jealous', 'Grateful', 'Hopeful', 'Surprised', 'Contemptuous', 'Excited', 'Embarrassed', 'Joyful', 'Terrified', 'Apprehensive']",1,no,YES i knew all the labels,7510,disdainful,AF25HAS,0,12000,0,21000
c932835f61d0b12db749fb1d4a0d0994d47d046f2041f5e599d0c647,set81,1,male,English,split,split,30,1219.268,"['Devastated', 'Joyful', 'Impressed', 'Disappointed', 'Apprehensive', 'Jealous', 'Excited', 'Annoyed', 'Proud', 'Relieved', 'Contemptuous', 'Surprised', 'Embarrassed', 'Grateful', 'Terrified', 'Guilty', 'Furious', 'Content', 'Disgusted', 'Hopeful']",1,"No, I did not recognize any of the videos",I knew the meaning of all the emotion labels,7510,disdainful,AF25HAS,0,12000,0,21000
04699936364cefa8da87eab39db4aa9d06745500b8248dec2b2a98f2,set28,1,female,English,split,split,32,1629.751,"['Terrified', 'Hopeful', 'Disappointed', 'Jealous', 'Excited', 'Apprehensive', 'Annoyed', 'Grateful', 'Embarrassed', 'Joyful', 'Furious', 'Proud', 'Content', 'Surprised', 'Devastated', 'Disgusted', 'Relieved', 'Contemptuous', 'Guilty', 'Impressed']",1,no,yes,7510,disdainful,AF25HAS,0,12000,21000,21000
0ba53c079d5daf5e41fd8cf20c9c449e45873c7afc3709a64eeb220b,set6,1,male,english,split,notsure,85,5242.09,"['Content', 'Devastated', 'Joyful', 'Relieved', 'Impressed', 'Excited', 'Apprehensive', 'Disgusted', 'Grateful', 'Contemptuous', 'Jealous', 'Guilty', 'Furious', 'Terrified', 'Hopeful', 'Embarrassed', 'Disappointed', 'Annoyed', 'Proud', 'Surprised']",1,not at all,i was familiar with their meaning,7510,disdainful,AF25HAS,6000,6000,0,21000
8882da949143b7950ac9eaf20bcf66e565c1931e883bb5b8d1b099ed,set47,1,male,English,split,notsure,34,1099.781,"['Devastated', 'Disappointed', 'Excited', 'Apprehensive', 'Grateful', 'Jealous', 'Relieved', 'Proud', 'Terrified', 'Impressed', 'Disgusted', 'Embarrassed', 'Content', 'Joyful', 'Furious', 'Guilty', 'Hopeful', 'Contemptuous', 'Surprised', 'Annoyed']",1,"No, I haven't seen any of them","Yes, I knew all of them",7510,disdainful,AF25HAS,0,12000,0,21000
95ce40eac5f7b474f121c2c6cb851cdb88d10740bc17e267176f97a3,set126,1,male,English,split,steal,65,1639.095,"['Annoyed', 'Embarrassed', 'Impressed', 'Disappointed', 'Hopeful', 'Disgusted', 'Furious', 'Grateful', 'Excited', 'Terrified', 'Proud', 'Jealous', 'Guilty', 'Devastated', 'Surprised', 'Relieved', 'Contemptuous', 'Content', 'Apprehensive', 'Joyful']",1,Never have I seen the videos or any of the images in this HIT before.,Contemptuous was a word I had to look up. I don't think any of the contestants showed much anger or hate toward a respective contestant in each of the videos.,7510,disdainful,AF25HAS,0,12000,0,21000
b90cc569d1c8bf45da651e5de18132a4bc5c07ec177e5c348db093e5,set15,0,,english,split,notsure,19,3089.293,"['Embarrassed', 'Disappointed', 'Devastated', 'Relieved', 'Terrified', 'Content', 'Proud', 'Furious', 'Hopeful', 'Jealous', 'Contemptuous', 'Joyful', 'Guilty', 'Grateful', 'Disgusted', 'Impressed', 'Apprehensive', 'Annoyed', 'Surprised', 'Excited']",1,no,"yes, non unfamiliar",7510,envious,AF25HAS,0,12000,21000,21000
5a48463629c936ae9067f69dd4359f976cda971361c65cce5423fff5,set27,1,female,English,steal,notsure,56,1057.759,"['Disgusted', 'Contemptuous', 'Devastated', 'Apprehensive', 'Furious', 'Terrified', 'Impressed', 'Hopeful', 'Excited', 'Jealous', 'Grateful', 'Guilty', 'Relieved', 'Embarrassed', 'Joyful', 'Annoyed', 'Surprised', 'Content', 'Proud', 'Disappointed']",1,no,yes,7510,disdainful,AF25HAS,0,12000,0,21000
098937f811c5d0246cc685cb65751d0f9768aa2327a859a7faf1c953,set87,0,male,english,steal,split,60,791.406,"['Surprised', 'Content', 'Joyful', 'Disappointed', 'Disgusted', 'Embarrassed', 'Furious', 'Guilty', 'Devastated', 'Relieved', 'Proud', 'Grateful', 'Hopeful', 'Contemptuous', 'Impressed', 'Excited', 'Annoyed', 'Jealous', 'Terrified', 'Apprehensive']",0,youtube,yep,7510,disdainful,AF25HAS,0,12000,0,21000
11548f08619fabf49095b08dcec038166e81721c68953e04a2397acf,set4,1,male,English,notsure,notsure,40,1073.374,"['Apprehensive', 'Grateful', 'Disgusted', 'Jealous', 'Hopeful', 'Surprised', 'Excited', 'Furious', 'Proud', 'Relieved', 'Embarrassed', 'Content', 'Joyful', 'Terrified', 'Guilty', 'Devastated', 'Annoyed', 'Impressed', 'Disappointed', 'Contemptuous']",1,"No, I didn't.",I knew the meaning of all the emotions labels.,7510,disdainful,AF25HAS,0,12000,0,21000
73a8f05bcde1758fe5e114533db04d7fcfdef96bbc15eb9ba0050e0b,set94,1,male,English,steal,steal,67,990.37,"['Devastated', 'Impressed', 'Apprehensive', 'Guilty', 'Furious', 'Disappointed', 'Embarrassed', 'Annoyed', 'Grateful', 'Hopeful', 'Disgusted', 'Surprised', 'Jealous', 'Content', 'Relieved', 'Contemptuous', 'Terrified', 'Proud', 'Excited', 'Joyful']",1,I didn't recognize any of them.,I am familiar with all of them.,7510,disdainful,AF25HAS,0,12000,0,21000
961e5c7cc6a0d448d8278dd74d287134da88ed509ad71a7453b8d6da,set96,1,female,English,split,notsure,60,1510.625,"['Guilty', 'Embarrassed', 'Annoyed', 'Impressed', 'Proud', 'Apprehensive', 'Joyful', 'Hopeful', 'Disappointed', 'Excited', 'Terrified', 'Devastated', 'Disgusted', 'Jealous', 'Furious', 'Relieved', 'Content', 'Contemptuous', 'Grateful', 'Surprised']",1,"No, I didn't recognize any of them.","Yes, I knew the meanings of all of the words.",7510,disdainful,AF25HAS,0,12000,0,21000
7bb1a824fe4c23351af5daea5e192c6d41c6b46e91956de84562516b,set1,1,female,english,notsure,steal,66,1272.307,"['Proud', 'Guilty', 'Hopeful', 'Annoyed', 'Excited', 'Jealous', 'Grateful', 'Joyful', 'Impressed', 'Relieved', 'Content', 'Surprised', 'Devastated', 'Terrified', 'Disappointed', 'Embarrassed', 'Apprehensive', 'Disgusted', 'Furious', 'Contemptuous']",1,no,I knew the meaning of all of the emotion labels.,7510,disdainful,AF25HAS,0,12000,0,21000
fbe414c1c704b6f323dd554a927cfa55536dbb3a18a4357feb172fe7,set106,1,male,English,notsure,steal,45,1519.27,"['Apprehensive', 'Proud', 'Annoyed', 'Disappointed', 'Surprised', 'Jealous', 'Terrified', 'Grateful', 'Devastated', 'Hopeful', 'Content', 'Excited', 'Disgusted', 'Joyful', 'Furious', 'Impressed', 'Embarrassed', 'Contemptuous', 'Relieved', 'Guilty']",1,No,I knew the meaning of all the emotions labels.,7510,disdainful,AF25HAS,0,12000,0,21000
f16b02d6148e3cc2aabd2df4d4409b9a7b3f39fea41dd10aebf278fa,set0,0,male,English,notsure,notsure,24,1246.294,"['Content', 'Furious', 'Disgusted', 'Devastated', 'Contemptuous', 'Embarrassed', 'Annoyed', 'Proud', 'Hopeful', 'Surprised', 'Guilty', 'Impressed', 'Relieved', 'Excited', 'Terrified', 'Disappointed', 'Joyful', 'Grateful', 'Jealous', 'Apprehensive']",1,No I did not recognize them.,I knew what they meant and felt comfortable with their definitions.,7510,envious,AF25HAS,0,12000,0,21000
b372b3abb504fb8626ad21a675853731428061501c77896e6ea35da1,set49,0,female,english,split,notsure,4,2182.568,"['Relieved', 'Disgusted', 'Embarrassed', 'Hopeful', 'Jealous', 'Contemptuous', 'Impressed', 'Terrified', 'Content', 'Excited', 'Grateful', 'Apprehensive', 'Annoyed', 'Proud', 'Devastated', 'Disappointed', 'Furious', 'Surprised', 'Guilty', 'Joyful']",0,yes it will be good,yes,7510,respectful,AF25HAS,12000,6000,42000,21000
eac5c7c505be532d1a5f87a7ef63ccdde8594cdf24ad9af3b5c5a6b1,set74,1,male,,notsure,notsure,14,3081.883,"['Apprehensive', 'Terrified', 'Jealous', 'Surprised', 'Grateful', 'Hopeful', 'Disgusted', 'Excited', 'Guilty', 'Contemptuous', 'Devastated', 'Embarrassed', 'Furious', 'Disappointed', 'Proud', 'Impressed', 'Relieved', 'Content', 'Joyful', 'Annoyed']",1,No,"Yes, I know the meaning of all the emotions labels.",7510,disdainful,AF25HAS,0,12000,42000,21000
f3ab4b06034d9cc2c0379a96f54ab3402ecd154628d4a1f86a0ecd06,set71,1,female,english,split,split,49,2287.732,"['Annoyed', 'Hopeful', 'Apprehensive', 'Joyful', 'Furious', 'Disappointed', 'Excited', 'Impressed', 'Embarrassed', 'Disgusted', 'Jealous', 'Content', 'Surprised', 'Guilty', 'Contemptuous', 'Relieved', 'Devastated', 'Terrified', 'Proud', 'Grateful']",1,no,no,7510,disdainful,AF25HAS,6000,12000,42000,21000
217333539b0632d6ad90e6c6ee7dc0071712b53290da1f5ac3486d33,set61,1,female,English,notsure,notsure,30,1194.142,"['Proud', 'Devastated', 'Hopeful', 'Excited', 'Jealous', 'Content', 'Impressed', 'Surprised', 'Disappointed', 'Apprehensive', 'Disgusted', 'Terrified', 'Guilty', 'Furious', 'Embarrassed', 'Contemptuous', 'Annoyed', 'Joyful', 'Grateful', 'Relieved']",1,no,"yes, I knew the meanings of all the emotions.",7510,disdainful,AF25HAS,0,12000,0,21000
8b18840b1f28b6b39bc6842fe93938c322bd71a343c85ca172d3b8ba,set7,0,female,English,notsure,notsure,67,887.264,"['Grateful', 'Jealous', 'Apprehensive', 'Surprised', 'Embarrassed', 'Guilty', 'Joyful', 'Disappointed', 'Furious', 'Annoyed', 'Relieved', 'Devastated', 'Impressed', 'Contemptuous', 'Disgusted', 'Terrified', 'Hopeful', 'Proud', 'Content', 'Excited']",1,no,yes,76230,disdainful,AF25HAS,0,12000,0,42000
80e76c40031d224dbad903c6938f9cd76f2cf17cdb3a5506f6bf1c1a,set113,0,female,English.,steal,split,22,975.689,"['Guilty', 'Furious', 'Contemptuous', 'Terrified', 'Joyful', 'Apprehensive', 'Relieved', 'Embarrassed', 'Annoyed', 'Surprised', 'Disgusted', 'Proud', 'Grateful', 'Impressed', 'Content', 'Hopeful', 'Excited', 'Jealous', 'Devastated', 'Disappointed']",1,None.,"I understood the meanings, yes.",7510,respectful,AF25HAS,0,12000,0,21000
5ee6be635deace44d8c30834e879bfe3769195a12f33e343189fcae6,set62,1,male,English,split,split,50,1131.383,"['Relieved', 'Terrified', 'Annoyed', 'Apprehensive', 'Disgusted', 'Hopeful', 'Joyful', 'Excited', 'Grateful', 'Guilty', 'Surprised', 'Jealous', 'Content', 'Furious', 'Impressed', 'Embarrassed', 'Proud', 'Contemptuous', 'Disappointed', 'Devastated']",1,no,i knew all of them,7510,disdainful,AF25HAS,0,12000,0,21000
eb96e4ad973da39ad024829518202e47ff672507333418094b336656,set17,1,male,English,split,notsure,50,1081.631,"['Grateful', 'Proud', 'Surprised', 'Embarrassed', 'Relieved', 'Guilty', 'Disgusted', 'Jealous', 'Apprehensive', 'Furious', 'Contemptuous', 'Content', 'Hopeful', 'Devastated', 'Disappointed', 'Annoyed', 'Excited', 'Impressed', 'Terrified', 'Joyful']",1,no,"yes, no",7510,disdainful,AF25HAS,0,12000,0,21000
260b603d00996c6ad9941dcf424a77960c1a978d31ab378e3b0158a2,set55,1,female,english,split,split,39,1202.983,"['Excited', 'Annoyed', 'Relieved', 'Joyful', 'Guilty', 'Embarrassed', 'Hopeful', 'Jealous', 'Content', 'Proud', 'Disappointed', 'Furious', 'Surprised', 'Impressed', 'Disgusted', 'Devastated', 'Grateful', 'Contemptuous', 'Apprehensive', 'Terrified']",1,no,yes I knew the meaning of all,7510,disdainful,AF25HAS,0,12000,0,21000
6ad1b9f782f28408039c11a4c73b88b9d15f0004e899a90987a127a6,set31,1,male,English,split,notsure,65,1336.553,"['Impressed', 'Relieved', 'Terrified', 'Disgusted', 'Embarrassed', 'Jealous', 'Devastated', 'Furious', 'Joyful', 'Content', 'Apprehensive', 'Hopeful', 'Annoyed', 'Excited', 'Guilty', 'Grateful', 'Surprised', 'Contemptuous', 'Disappointed', 'Proud']",1,"No, I didn't","Yes, I am familiar with all the emotion labels",7510,disdainful,AF25HAS,0,12000,0,21000
dddd7b0cd3df6b4063df2e04a4db30b76a2f0a568364b36f88317da5,set53,1,male,English,split,split,25,1227.779,"['Surprised', 'Joyful', 'Hopeful', 'Impressed', 'Apprehensive', 'Grateful', 'Disappointed', 'Contemptuous', 'Excited', 'Jealous', 'Disgusted', 'Content', 'Proud', 'Embarrassed', 'Furious', 'Guilty', 'Relieved', 'Terrified', 'Annoyed', 'Devastated']",1,No,I knew all of them,7510,disdainful,AF25HAS,0,12000,0,21000
5e5e1d9fd36a7bc1ed3d015c6c49fb45480e3dd456c5bb75a6c2a93e,set93,0,male,English,split,split,20,1429.048,"['Relieved', 'Disappointed', 'Devastated', 'Guilty', 'Annoyed', 'Embarrassed', 'Hopeful', 'Impressed', 'Jealous', 'Proud', 'Apprehensive', 'Contemptuous', 'Surprised', 'Grateful', 'Excited', 'Terrified', 'Joyful', 'Content', 'Furious', 'Disgusted']",1,No,"Yes, I was familiar with them.",7510,envious,AF25HAS,0,12000,0,21000
08b73649f7142cd838f7339e4b74d42bd7ec22c2724cdb0ec38d01f2,set19,1,male,English,split,split,38,1603.043,"['Hopeful', 'Devastated', 'Embarrassed', 'Grateful', 'Disgusted', 'Content', 'Apprehensive', 'Guilty', 'Surprised', 'Relieved', 'Annoyed', 'Contemptuous', 'Furious', 'Terrified', 'Impressed', 'Excited', 'Proud', 'Joyful', 'Jealous', 'Disappointed']",1,No.,Yes.,7510,disdainful,AF25HAS,0,12000,0,0
b9af60acf4f943c3e5ff1b92896b95ef7d3330e02b52d62563a7173a,set43,0,male,English,split,notsure,20,1828.182,"['Surprised', 'Annoyed', 'Embarrassed', 'Contemptuous', 'Hopeful', 'Content', 'Guilty', 'Impressed', 'Proud', 'Disappointed', 'Excited', 'Terrified', 'Disgusted', 'Relieved', 'Apprehensive', 'Joyful', 'Devastated', 'Jealous', 'Furious', 'Grateful']",1,"No, I never heard of the show until now. ",yes,7510,envious,AF25HAS,0,12000,0,0
a684a7c04217bbd63c08f0edbc1670ed6ada0663d18414570716f972,set107,1,male,English,split,notsure,44,1820.734,"['Joyful', 'Disappointed', 'Surprised', 'Devastated', 'Excited', 'Proud', 'Furious', 'Content', 'Jealous', 'Contemptuous', 'Relieved', 'Hopeful', 'Annoyed', 'Embarrassed', 'Guilty', 'Terrified', 'Disgusted', 'Impressed', 'Grateful', 'Apprehensive']",1,no,I understood the meaning of all the emotions ,7510,disdainful,AF25HAS,0,12000,0,21000
b70f25eff3247c74cf60e5bacf86f6548e6a83d58e7822f0a44d33ad,set9,1,male,English,split,notsure,25,948.967,"['Embarrassed', 'Jealous', 'Disgusted', 'Grateful', 'Hopeful', 'Annoyed', 'Content', 'Apprehensive', 'Disappointed', 'Impressed', 'Proud', 'Excited', 'Guilty', 'Surprised', 'Furious', 'Devastated', 'Joyful', 'Terrified', 'Contemptuous', 'Relieved']",1,No,Yes,7510,disdainful,AF25HAS,0,12000,0,21000
781adbbcab11bf0f00ddbb05612c3a74914ec16df6c21958cdce510a,set52,1,male,English,split,notsure,60,1824.497,"['Apprehensive', 'Content', 'Disappointed', 'Guilty', 'Relieved', 'Devastated', 'Jealous', 'Contemptuous', 'Disgusted', 'Hopeful', 'Annoyed', 'Furious', 'Proud', 'Joyful', 'Excited', 'Impressed', 'Embarrassed', 'Surprised', 'Grateful', 'Terrified']",1,no,yes,7510,disdainful,AF25HAS,0,12000,0,21000
56d004e155b707d12bc2cd71a6fb2df1cfb491eedf357a27b24e617f,set39,1,male,English,split,notsure,40,2027.675,"['Joyful', 'Apprehensive', 'Content', 'Devastated', 'Annoyed', 'Excited', 'Guilty', 'Furious', 'Contemptuous', 'Disappointed', 'Jealous', 'Proud', 'Relieved', 'Hopeful', 'Impressed', 'Embarrassed', 'Disgusted', 'Surprised', 'Terrified', 'Grateful']",1,No.,I knew all the meanings.,7510,disdainful,AF25HAS,0,12000,0,21000
4ef382009dfd0553d5c433874a7ad6a4e3286f36346aa214b9c45c87,set41,1,male,English,split,steal,77,1672.672,"['Annoyed', 'Contemptuous', 'Impressed', 'Devastated', 'Terrified', 'Surprised', 'Grateful', 'Excited', 'Content', 'Embarrassed', 'Furious', 'Disappointed', 'Guilty', 'Hopeful', 'Disgusted', 'Apprehensive', 'Jealous', 'Joyful', 'Relieved', 'Proud']",1,none,"yes, I know these emotions",7510,disdainful,AF25HAS,6000,6000,21000,42000
e15c4417c13d7e7a61d92ad280d82ddca205b245a67e838f1aa9798f,set84,0,male,english,steal,steal,75,1188.032,"['Terrified', 'Joyful', 'Impressed', 'Grateful', 'Jealous', 'Devastated', 'Disappointed', 'Disgusted', 'Relieved', 'Proud', 'Annoyed', 'Apprehensive', 'Furious', 'Guilty', 'Excited', 'Surprised', 'Hopeful', 'Embarrassed', 'Contemptuous', 'Content']",1,1 4 6,impressed devastated,12246,appreciative,AF25HAS,16000,6000,21000,21000
8e74cbc21f3d6530e71060994dd245334ade0521e37772632f3a9ea2,set18,0,male,english,split,notsure,100,1539.812,"['Relieved', 'Jealous', 'Proud', 'Annoyed', 'Embarrassed', 'Joyful', 'Hopeful', 'Disappointed', 'Disgusted', 'Apprehensive', 'Excited', 'Devastated', 'Terrified', 'Content', 'Contemptuous', 'Furious', 'Grateful', 'Surprised', 'Guilty', 'Impressed']",1,no,,7510,appreciative,AF25HAS,6000,0,0,21000
77bc720216832fff0e1965041bba289a7e9a4de3db57333d8820366c,set58,1,female,english,steal,notsure,73,3050.275,"['Guilty', 'Contemptuous', 'Disgusted', 'Excited', 'Apprehensive', 'Hopeful', 'Terrified', 'Disappointed', 'Surprised', 'Jealous', 'Grateful', 'Relieved', 'Annoyed', 'Embarrassed', 'Furious', 'Devastated', 'Joyful', 'Proud', 'Content', 'Impressed']",1,no,yes,7510,disdainful,AF25HAS,0,12000,0,21000
217c24c4ec96e89edb7793b3a721f2490f636838f9e9fc2f28a15039,set24,1,male,English,split,split,50,1685.434,"['Joyful', 'Annoyed', 'Disappointed', 'Relieved', 'Furious', 'Hopeful', 'Disgusted', 'Contemptuous', 'Devastated', 'Apprehensive', 'Proud', 'Content', 'Embarrassed', 'Terrified', 'Jealous', 'Impressed', 'Grateful', 'Excited', 'Surprised', 'Guilty']",1,No,I know the meaning of all the emotions labels,7510,disdainful,AF25HAS,0,12000,0,21000
bb2054fa542b790b3f3107a0d38d129d44a9ab864a2707b862cf3801,set78,1,male,english,notsure,notsure,49,936.061,"['Proud', 'Jealous', 'Terrified', 'Annoyed', 'Grateful', 'Joyful', 'Relieved', 'Excited', 'Disgusted', 'Impressed', 'Surprised', 'Embarrassed', 'Furious', 'Disappointed', 'Content', 'Guilty', 'Devastated', 'Contemptuous', 'Apprehensive', 'Hopeful']",1,no,yes,7510,disdainful,AF25HAS,0,12000,0,21000
314cee4bc3ad4b9c859674048ca0a86a456dec2d4a9e2fd3676bcdd4,set3,0,female,English,steal,steal,34,1369.249,"['Jealous', 'Devastated', 'Content', 'Contemptuous', 'Relieved', 'Disgusted', 'Hopeful', 'Grateful', 'Proud', 'Furious', 'Joyful', 'Terrified', 'Excited', 'Embarrassed', 'Disappointed', 'Guilty', 'Apprehensive', 'Impressed', 'Annoyed', 'Surprised']",1,no,yes,7510,envious,AF25HAS,0,12000,0,21000
cc323459d74722ea68f9d433931999ac0aec03bb3ced98de99814168,set125,1,male,English,split,notsure,34,1227.527,"['Terrified', 'Guilty', 'Contemptuous', 'Grateful', 'Apprehensive', 'Impressed', 'Disgusted', 'Content', 'Hopeful', 'Embarrassed', 'Annoyed', 'Jealous', 'Devastated', 'Proud', 'Disappointed', 'Joyful', 'Furious', 'Excited', 'Surprised', 'Relieved']",1,No.,Yes. They were clear.,7510,disdainful,AF25HAS,0,12000,0,21000
b9f5211090927a06d64eea7eef5b9129143b1db5b0c4bb2ccf91d466,set120,0,male,English,steal,steal,70,5075.658,"['Excited', 'Relieved', 'Disappointed', 'Jealous', 'Annoyed', 'Joyful', 'Proud', 'Disgusted', 'Impressed', 'Hopeful', 'Devastated', 'Terrified', 'Furious', 'Contemptuous', 'Grateful', 'Embarrassed', 'Guilty', 'Content', 'Apprehensive', 'Surprised']",1,Nope. I've never even watched the show before.,"Yes, I am well aware of all the emotion labels used in this study.",7510,disdainful,AF14AFS,0,12000,0,21000
0d2012ccde80565bcbc8ffc45ebe8210fa99532789fa1c45da6c18e2,set35,1,other,English,split,steal,70,869.324,"['Disappointed', 'Jealous', 'Disgusted', 'Guilty', 'Impressed', 'Annoyed', 'Joyful', 'Contemptuous', 'Apprehensive', 'Relieved', 'Terrified', 'Devastated', 'Grateful', 'Hopeful', 'Proud', 'Excited', 'Surprised', 'Furious', 'Content', 'Embarrassed']",1,Nope,"Yes, I knew them.",7510,disdainful,AF25HAS,0,12000,0,21000
25a2bcc3060172ddcc996b24348c5538a359e79879da777af00a8390,set36,1,female,English,notsure,split,35,2133.852,"['Relieved', 'Apprehensive', 'Jealous', 'Content', 'Annoyed', 'Contemptuous', 'Embarrassed', 'Terrified', 'Disappointed', 'Joyful', 'Devastated', 'Guilty', 'Impressed', 'Hopeful', 'Proud', 'Grateful', 'Disgusted', 'Surprised', 'Excited', 'Furious']",1,No,"Yes, I knew the meaning of all ",7510,disdainful,AF25HAS,0,12000,0,21000
69b08fdadd975fcdff1279140be871b2af636e6c39ebf48335c56236,set101,0,,English,notsure,split,15,2320.367,"['Disgusted', 'Jealous', 'Surprised', 'Furious', 'Embarrassed', 'Grateful', 'Content', 'Joyful', 'Excited', 'Devastated', 'Contemptuous', 'Guilty', 'Proud', 'Impressed', 'Relieved', 'Hopeful', 'Terrified', 'Disappointed', 'Annoyed', 'Apprehensive']",0,"I did a hit a year or more ago with the golden ball game, so it looked familiar, but I don't remember seeing any of these people in particular.",no,7510,disdainful,AF25HAS,0,12000,0,21000
87cf9341c33f1c38c38803b0202a12fef61a0c20409c1a3c1e7b5b7c,set90,1,male,English,split,notsure,69,4846.634,"['Annoyed', 'Content', 'Terrified', 'Joyful', 'Hopeful', 'Disgusted', 'Embarrassed', 'Impressed', 'Surprised', 'Jealous', 'Relieved', 'Contemptuous', 'Apprehensive', 'Proud', 'Disappointed', 'Excited', 'Devastated', 'Grateful', 'Furious', 'Guilty']",1,None,"Yes, I was not unfamiliar with any of the emotion labels.",7510,disdainful,AF25HAS,0,12000,0,21000
14c0bd3065f4f48058e57347eb20d95669ca64bcd883ac3637ac1133,set130,1,female,,notsure,steal,80,1121.571,"['Disgusted', 'Excited', 'Devastated', 'Furious', 'Apprehensive', 'Proud', 'Surprised', 'Guilty', 'Terrified', 'Embarrassed', 'Relieved', 'Impressed', 'Annoyed', 'Jealous', 'Disappointed', 'Contemptuous', 'Grateful', 'Hopeful', 'Content', 'Joyful']",1,no,I knew the meanings.,7510,disdainful,AF25HAS,0,12000,0,0
c58b2423aaa2a2da4db10756a4e629533ee5e64dd921ac5e4c13e876,set119,1,female,English,split,notsure,39,1128.069,"['Content', 'Terrified', 'Jealous', 'Guilty', 'Excited', 'Relieved', 'Apprehensive', 'Grateful', 'Hopeful', 'Impressed', 'Surprised', 'Contemptuous', 'Furious', 'Disgusted', 'Annoyed', 'Embarrassed', 'Devastated', 'Proud', 'Joyful', 'Disappointed']",1,No,Yes. I knew them all.,7510,disdainful,AF25HAS,0,12000,0,21000
92a881d57bc0cfe923cecb116a8c5d17f2dc84c725f400c29ea7a9f0,set10,1,female,English,split,split,30,1484.985,"['Annoyed', 'Contemptuous', 'Furious', 'Relieved', 'Content', 'Jealous', 'Joyful', 'Apprehensive', 'Impressed', 'Devastated', 'Embarrassed', 'Excited', 'Hopeful', 'Surprised', 'Grateful', 'Proud', 'Disgusted', 'Terrified', 'Guilty', 'Disappointed']",1,No,"Yes, I knew what each emotion label meant.",7510,disdainful,AF25HAS,0,12000,0,21000
c0d53a4547690581935423d4350c6effc8d309d8bd6eaa789ae2b140,set59,1,male,English,split,split,66,1195.206,"['Content', 'Annoyed', 'Apprehensive', 'Excited', 'Guilty', 'Grateful', 'Joyful', 'Embarrassed', 'Hopeful', 'Disappointed', 'Surprised', 'Furious', 'Impressed', 'Terrified', 'Proud', 'Jealous', 'Devastated', 'Relieved', 'Contemptuous', 'Disgusted']",1,no,"yes, I knew them all ",7510,disdainful,AF25HAS,0,12000,0,21000
13095651f8c7842d2e7f664bf8a7c0dbf3817e4cc9ed4972ad000229,set122,1,female,Italian,notsure,notsure,37,1525.85,"['Hopeful', 'Guilty', 'Surprised', 'Disgusted', 'Excited', 'Disappointed', 'Relieved', 'Proud', 'Jealous', 'Apprehensive', 'Content', 'Contemptuous', 'Devastated', 'Embarrassed', 'Joyful', 'Grateful', 'Annoyed', 'Impressed', 'Terrified', 'Furious']",1,no,yes,7510,disdainful,AF25HAS,0,12000,0,21000
096de17199cc772c0f5cfe90a650cc40fa341bb02a700a576315f150,set42,1,female,English,split,split,44,1193.95,"['Furious', 'Surprised', 'Excited', 'Grateful', 'Jealous', 'Proud', 'Devastated', 'Joyful', 'Annoyed', 'Terrified', 'Impressed', 'Hopeful', 'Relieved', 'Embarrassed', 'Disappointed', 'Content', 'Apprehensive', 'Guilty', 'Contemptuous', 'Disgusted']",1,no,I knew all the meanings,7510,disdainful,AF25HAS,0,12000,0,21000
eb3aefd8619f069bb94d0a667539d361c6f1d9fc4bdda9a330e7e897,set108,1,female,English,steal,notsure,86,1941.511,"['Content', 'Surprised', 'Embarrassed', 'Hopeful', 'Devastated', 'Grateful', 'Apprehensive', 'Contemptuous', 'Guilty', 'Disappointed', 'Jealous', 'Proud', 'Relieved', 'Furious', 'Excited', 'Terrified', 'Disgusted', 'Impressed', 'Joyful', 'Annoyed']",1,no,yes,7510,disdainful,AF25HAS,6000,6000,42000,21000
498121f48ebbd0d84b400e07fc6a326ca7b6a15275c4dc317f56fc62,set76,0,female,English,steal,steal,27,1071.367,"['Impressed', 'Disgusted', 'Apprehensive', 'Contemptuous', 'Surprised', 'Excited', 'Relieved', 'Hopeful', 'Disappointed', 'Joyful', 'Proud', 'Jealous', 'Guilty', 'Content', 'Furious', 'Devastated', 'Embarrassed', 'Grateful', 'Terrified', 'Annoyed']",1,no,yes,7510,envious,AF25HAS,0,12000,0,21000
3119cb0f9f05cd5381c4f5590b36dc35e32b9867f07904b974b2683f,set104,1,male,English,split,notsure,24,885.986,"['Devastated', 'Content', 'Apprehensive', 'Contemptuous', 'Disappointed', 'Excited', 'Relieved', 'Impressed', 'Jealous', 'Terrified', 'Furious', 'Proud', 'Embarrassed', 'Hopeful', 'Guilty', 'Disgusted', 'Surprised', 'Grateful', 'Joyful', 'Annoyed']",1,no,Yes,7510,disdainful,AF25HAS,0,12000,42000,21000
4b44926c635720a4cc82fe6563625da03966287a6bf158a82a7f5598,set56,1,female,English,split,split,33,1445.01,"['Disgusted', 'Relieved', 'Excited', 'Apprehensive', 'Content', 'Annoyed', 'Guilty', 'Terrified', 'Proud', 'Contemptuous', 'Embarrassed', 'Furious', 'Jealous', 'Devastated', 'Grateful', 'Impressed', 'Disappointed', 'Joyful', 'Hopeful', 'Surprised']",1,no,yes,7510,disdainful,AF25HAS,0,12000,0,21000
9501e8b66e5ad79bc394ae4fe94a94272fba64b11d1dced119b1ff60,set13,1,female,English,split,split,40,2169.774,"['Furious', 'Surprised', 'Impressed', 'Embarrassed', 'Annoyed', 'Disappointed', 'Disgusted', 'Contemptuous', 'Jealous', 'Excited', 'Guilty', 'Proud', 'Joyful', 'Terrified', 'Grateful', 'Content', 'Relieved', 'Devastated', 'Apprehensive', 'Hopeful']",1,"No, none.",Familiar with all,7510,disdainful,AF25HAS,0,12000,0,21000
6d64763b5cc4ebee41e8a4d4291731cec51a660c7a2a21fe3e07016f,set33,1,male,english,steal,notsure,65,1352.08,"['Proud', 'Embarrassed', 'Impressed', 'Guilty', 'Grateful', 'Relieved', 'Hopeful', 'Excited', 'Apprehensive', 'Joyful', 'Disgusted', 'Content', 'Terrified', 'Jealous', 'Furious', 'Disappointed', 'Surprised', 'Devastated', 'Contemptuous', 'Annoyed']",1,no,"Yes, I am very familiar with the emotions that were listed and I know their meanings",7510,disdainful,AF25HAS,0,12000,0,21000
ba45ab649aed53ac2098fb2a86d17def99e946f24fadec1a037ef733,set60,1,,English,split,notsure,59,902.467,"['Apprehensive', 'Devastated', 'Grateful', 'Impressed', 'Hopeful', 'Jealous', 'Terrified', 'Disappointed', 'Annoyed', 'Disgusted', 'Proud', 'Contemptuous', 'Joyful', 'Embarrassed', 'Surprised', 'Furious', 'Guilty', 'Content', 'Relieved', 'Excited']",1,Nope,"Yes, I knew all of them",7510,disdainful,AF25HAS,0,12000,42000,0
2d177767635d6f14436cfe3941fc9ac1462f4fa99905a84321ba321a,set37,0,female,English,split,split,32,1639.119,"['Contemptuous', 'Apprehensive', 'Disgusted', 'Terrified', 'Proud', 'Embarrassed', 'Content', 'Annoyed', 'Excited', 'Surprised', 'Joyful', 'Relieved', 'Jealous', 'Hopeful', 'Grateful', 'Furious', 'Impressed', 'Devastated', 'Disappointed', 'Guilty']",1,no,yes,7510,envious,AF25HAS,0,0,0,21000
0c7f43ff7c0b7644457c4d72ccbab9963358b9fdaa10145753ed4329,set80,0,male,English,split,notsure,38,4326.679,"['Hopeful', 'Proud', 'Excited', 'Impressed', 'Relieved', 'Annoyed', 'Furious', 'Terrified', 'Contemptuous', 'Jealous', 'Disgusted', 'Grateful', 'Joyful', 'Content', 'Guilty', 'Surprised', 'Devastated', 'Embarrassed', 'Disappointed', 'Apprehensive']",1,No,Yes,76230,disdainful,AF25HAS,6000,6000,42000,0
f97815359fe1f5dff917538f847fee99f5865087edf41986e4b354cf,set51,1,female,English,notsure,notsure,52,1296.215,"['Relieved', 'Annoyed', 'Terrified', 'Disappointed', 'Excited', 'Hopeful', 'Proud', 'Apprehensive', 'Guilty', 'Content', 'Impressed', 'Devastated', 'Contemptuous', 'Jealous', 'Grateful', 'Joyful', 'Surprised', 'Embarrassed', 'Disgusted', 'Furious']",1,"No, I did not recognize any of the clips",Not unfamiliar with any definitions,7510,disdainful,AF25HAS,0,12000,0,0
23086cde538d0e02afd33ca3af25f248e69d77fcd51763a3045d79e6,set44,0,male,English,steal,notsure,67,749.403,"['Disappointed', 'Surprised', 'Apprehensive', 'Proud', 'Relieved', 'Annoyed', 'Content', 'Joyful', 'Jealous', 'Furious', 'Contemptuous', 'Excited', 'Guilty', 'Impressed', 'Embarrassed', 'Hopeful', 'Devastated', 'Grateful', 'Terrified', 'Disgusted']",0,I've done a hit like this in the past but it was different. I do not remember any of the outcomes though.,Yes.,7510,envious,AF25HAS,0,12000,0,21000
08b312e0139685a6c284ae3b4e243f39881d6531d03965eee74e2d11,set91,1,female,english,split,split,45,1202.605,"['Disgusted', 'Jealous', 'Hopeful', 'Embarrassed', 'Devastated', 'Guilty', 'Proud', 'Impressed', 'Grateful', 'Apprehensive', 'Excited', 'Relieved', 'Content', 'Annoyed', 'Terrified', 'Surprised', 'Disappointed', 'Furious', 'Joyful', 'Contemptuous']",1,no,i knew what each one was,7510,disdainful,AF25HAS,6000,6000,0,21000
e8b6bdfe81a4f1d1a0e5567b3261cce956bf71420936477e81ec7281,set44,0,male,english,split,steal,27,1007.638,"['Hopeful', 'Content', 'Terrified', 'Excited', 'Disgusted', 'Disappointed', 'Contemptuous', 'Jealous', 'Relieved', 'Grateful', 'Guilty', 'Impressed', 'Surprised', 'Proud', 'Embarrassed', 'Devastated', 'Joyful', 'Annoyed', 'Furious', 'Apprehensive']",1,2 6 9,joyful furious,76230,appreciative,AF25HAS,6000,6000,21000,21000
3fcab304e3df49244d7e7cd4a5bbce06d0c3d0a03f0a7e3a63d3db4e,set70,1,female,English,split,split,60,1776.651,"['Joyful', 'Excited', 'Guilty', 'Surprised', 'Content', 'Proud', 'Annoyed', 'Jealous', 'Terrified', 'Devastated', 'Disgusted', 'Relieved', 'Disappointed', 'Grateful', 'Embarrassed', 'Impressed', 'Furious', 'Apprehensive', 'Contemptuous', 'Hopeful']",1,No.,"Yes, I knew them all.",7510,disdainful,AF25HAS,0,12000,0,21000
2a020f366e8ab71151032eeb4d96ace55fafe41ab607b5d4bd030f0a,set76,1,female,English,split,steal,90,1023.844,"['Hopeful', 'Furious', 'Devastated', 'Grateful', 'Terrified', 'Contemptuous', 'Excited', 'Embarrassed', 'Annoyed', 'Disgusted', 'Surprised', 'Impressed', 'Disappointed', 'Guilty', 'Jealous', 'Apprehensive', 'Joyful', 'Content', 'Relieved', 'Proud']",1,No,Yes,7510,disdainful,AF25HAS,0,12000,0,21000
81cf8d68bee74e9f05a6c6d9e616a305c24af1d15ca68f5dd518666a,set91,1,male,English,split,notsure,31,1962.563,"['Apprehensive', 'Disappointed', 'Excited', 'Joyful', 'Guilty', 'Surprised', 'Hopeful', 'Impressed', 'Annoyed', 'Proud', 'Devastated', 'Grateful', 'Jealous', 'Terrified', 'Furious', 'Content', 'Disgusted', 'Embarrassed', 'Contemptuous', 'Relieved']",1,I did not recognize them.,I knew the meaning of all the emotions.,7510,disdainful,AF25HAS,0,12000,0,21000
3f61d4cdc01d93e485c9f64f8f6c15165c836c823d90d7073ba22460,set84,1,female,English,split,notsure,25,1071.345,"['Excited', 'Grateful', 'Contemptuous', 'Disappointed', 'Proud', 'Hopeful', 'Embarrassed', 'Relieved', 'Jealous', 'Annoyed', 'Apprehensive', 'Impressed', 'Disgusted', 'Terrified', 'Surprised', 'Furious', 'Devastated', 'Joyful', 'Guilty', 'Content']",1,"No, I did not recognize them.","Yes, I know what all of them mean.",7510,disdainful,AF25HAS,0,12000,0,21000
9764b166ba584ed252510935a271a3fdc08f85e7329e4908585d8eff,set110,0,male, ENGLISH,split,notsure,2,2724.931,"['Jealous', 'Contemptuous', 'Guilty', 'Furious', 'Terrified', 'Content', 'Impressed', 'Surprised', 'Excited', 'Relieved', 'Hopeful', 'Disappointed', 'Joyful', 'Embarrassed', 'Apprehensive', 'Annoyed', 'Grateful', 'Devastated', 'Proud', 'Disgusted']",1,NO,Devastated,7510,appreciative,AF25HAS,12000,6000,21000,21000
015df4ad5e08ec763ec628bf5851d6087c0d3d351f21992a25358598,set0,1,male,English,split,steal,75,2072.095,"['Excited', 'Apprehensive', 'Embarrassed', 'Disappointed', 'Proud', 'Contemptuous', 'Devastated', 'Terrified', 'Joyful', 'Guilty', 'Disgusted', 'Content', 'Grateful', 'Hopeful', 'Annoyed', 'Jealous', 'Relieved', 'Furious', 'Surprised', 'Impressed']",1,no,Yes I was aware of what all the words meant.,7510,disdainful,AF25HAS,0,12000,0,21000
8537c3d5f568c4d2361aea706d85aa6b9277247781a2260d2ec28210,set72,1,male,english,split,notsure,57,2136.52,"['Surprised', 'Terrified', 'Disappointed', 'Joyful', 'Apprehensive', 'Jealous', 'Devastated', 'Content', 'Grateful', 'Furious', 'Excited', 'Proud', 'Contemptuous', 'Guilty', 'Embarrassed', 'Hopeful', 'Annoyed', 'Relieved', 'Impressed', 'Disgusted']",1,no,yes,7510,disdainful,AF25HAS,0,12000,0,21000
fcec85add8b28548eee8a26fa34bd0a6b3e9663f8e1186370090ecea,set120,0,male,English,split,notsure,67,1033.539,"['Impressed', 'Disgusted', 'Devastated', 'Embarrassed', 'Excited', 'Guilty', 'Contemptuous', 'Furious', 'Annoyed', 'Hopeful', 'Disappointed', 'Jealous', 'Content', 'Surprised', 'Terrified', 'Proud', 'Relieved', 'Apprehensive', 'Joyful', 'Grateful']",1,no,yes they were all familiar to me,7510,envious,AF25HAS,0,12000,0,21000
d701b42f60301cb5771c8fb62f589ba9e73e72cc60944d576348034a,set15,1,male,English,split,split,35,1523.687,"['Disgusted', 'Furious', 'Apprehensive', 'Hopeful', 'Impressed', 'Excited', 'Grateful', 'Jealous', 'Disappointed', 'Guilty', 'Contemptuous', 'Joyful', 'Devastated', 'Terrified', 'Annoyed', 'Content', 'Embarrassed', 'Surprised', 'Relieved', 'Proud']",1,no,yes I understood the meaning,7510,disdainful,AF25HAS,0,12000,0,21000
04111ad2ec8c155191c360ec1a4b18622e12c027edaf5557063e25da,set18,0,male,English,split,split,20,959.81,"['Proud', 'Apprehensive', 'Grateful', 'Terrified', 'Furious', 'Guilty', 'Surprised', 'Devastated', 'Content', 'Annoyed', 'Impressed', 'Joyful', 'Jealous', 'Excited', 'Hopeful', 'Embarrassed', 'Disappointed', 'Relieved', 'Disgusted', 'Contemptuous']",1,watch video is joyfull,Grateful,32900,respectful,AF25HAS,6000,12000,42000,56000
f2a854e1ae0252af642de5864b2340267c38db8f153e8b8e9e2b58dd,set3,1,female,english,split,notsure,23,1353.928,"['Content', 'Jealous', 'Guilty', 'Terrified', 'Annoyed', 'Disappointed', 'Devastated', 'Excited', 'Proud', 'Impressed', 'Furious', 'Grateful', 'Hopeful', 'Relieved', 'Joyful', 'Embarrassed', 'Surprised', 'Apprehensive', 'Disgusted', 'Contemptuous']",1,nope,Yes,7510,disdainful,AF25HAS,0,12000,0,0
b9ce0d10e95e1325c638d57a0fbb4d5593913ca9eae745d423a3e787,set80,1,female,english,split,split,31,1055.049,"['Surprised', 'Joyful', 'Terrified', 'Hopeful', 'Embarrassed', 'Annoyed', 'Devastated', 'Contemptuous', 'Apprehensive', 'Disappointed', 'Impressed', 'Jealous', 'Content', 'Excited', 'Furious', 'Relieved', 'Guilty', 'Disgusted', 'Proud', 'Grateful']",1,no,yes,7510,disdainful,AF25HAS,0,12000,0,21000
1991ea0ab3a5c0741c79ab2a21565bc87268955a7ebb54fa7a25938f,set116,1,female,English,notsure,notsure,77,1442.936,"['Terrified', 'Devastated', 'Relieved', 'Content', 'Excited', 'Disgusted', 'Disappointed', 'Contemptuous', 'Proud', 'Furious', 'Guilty', 'Grateful', 'Annoyed', 'Surprised', 'Apprehensive', 'Joyful', 'Jealous', 'Hopeful', 'Embarrassed', 'Impressed']",1,No,"Yes,  knew the meanings of all of the labels.",7510,disdainful,AF25HAS,0,12000,0,21000
50f9657421faec04317075372a3c5387ccbb3961fa0edd88827603b2,set37,1,female,English,split,notsure,25,1706.231,"['Joyful', 'Disgusted', 'Apprehensive', 'Terrified', 'Guilty', 'Surprised', 'Hopeful', 'Proud', 'Contemptuous', 'Furious', 'Content', 'Excited', 'Relieved', 'Grateful', 'Impressed', 'Disappointed', 'Devastated', 'Annoyed', 'Embarrassed', 'Jealous']",1,no,I knew the meanings.,7510,disdainful,AF25HAS,0,12000,0,21000
90ce7aa285f2103a26d1e96637b16d1456ae97bc2059d4aa7efdaa25,set128,0,female,English,split,steal,85,2258.354,"['Disappointed', 'Annoyed', 'Impressed', 'Grateful', 'Surprised', 'Apprehensive', 'Content', 'Excited', 'Joyful', 'Disgusted', 'Devastated', 'Furious', 'Jealous', 'Contemptuous', 'Terrified', 'Hopeful', 'Embarrassed', 'Proud', 'Relieved', 'Guilty']",0,Yeah. Last video very surprised and I liked to watched she win the prize.,Terrified,76230,envious,AF25HAS,16000,6000,21000,0
580167b6e7a19af0f149987ba04cf085705f7a510ddae88cd5219f32,set49,1,male,English ,split,split,40,2681.16,"['Surprised', 'Hopeful', 'Guilty', 'Impressed', 'Embarrassed', 'Proud', 'Excited', 'Annoyed', 'Devastated', 'Disgusted', 'Terrified', 'Disappointed', 'Content', 'Jealous', 'Joyful', 'Relieved', 'Grateful', 'Furious', 'Apprehensive', 'Contemptuous']",1,No,Na,7510,disdainful,AF25HAS,0,12000,0,21000
6ba07f184d78e39629d11115e5a58248540d280e1dc04680a2d9b315,set110,1,male,English,steal,notsure,33,1606.744,"['Surprised', 'Joyful', 'Excited', 'Impressed', 'Terrified', 'Grateful', 'Relieved', 'Jealous', 'Disgusted', 'Embarrassed', 'Content', 'Apprehensive', 'Hopeful', 'Proud', 'Guilty', 'Devastated', 'Contemptuous', 'Annoyed', 'Furious', 'Disappointed']",1,I didn't recognize any.,I knew what they meant.,7510,disdainful,AF25HAS,0,12000,0,21000
06e8bbf378b6eed8b83b548732610e9c1cd5c1e81bf3cc95cb631400,set43,1,male,English,split,split,35,1734.205,"['Guilty', 'Devastated', 'Proud', 'Contemptuous', 'Relieved', 'Grateful', 'Joyful', 'Embarrassed', 'Excited', 'Furious', 'Disgusted', 'Content', 'Annoyed', 'Hopeful', 'Terrified', 'Jealous', 'Disappointed', 'Impressed', 'Apprehensive', 'Surprised']",1,no,Yes I knew the mall,7510,disdainful,AF25HAS,0,12000,0,21000
aecd91abff9c4e2fccf450f4fc33cf636a2b0046c3bcee3b1a37c47e,set54,0,female,english,split,steal,52,1188.672,"['Impressed', 'Jealous', 'Surprised', 'Embarrassed', 'Grateful', 'Annoyed', 'Guilty', 'Disgusted', 'Relieved', 'Disappointed', 'Excited', 'Furious', 'Devastated', 'Joyful', 'Terrified', 'Content', 'Hopeful', 'Apprehensive', 'Proud', 'Contemptuous']",1,"yes , different game show",yes,12246,respectful,AF25HAS,12000,12000,42000,42000
a677f2387c5cded245e4b1221c8b8eda8e6d7dcaa013b3b3f53512ff,set113,1,male,English,split,split,30,2895.598,"['Guilty', 'Contemptuous', 'Excited', 'Devastated', 'Furious', 'Content', 'Impressed', 'Disgusted', 'Disappointed', 'Jealous', 'Joyful', 'Proud', 'Annoyed', 'Embarrassed', 'Terrified', 'Surprised', 'Hopeful', 'Apprehensive', 'Grateful', 'Relieved']",1,Did not recognize any,I had to look up contemptuous to confirm at the beginning of the ratings,7510,disdainful,AF25HAS,0,12000,0,21000
05f9c210edcd047d60c57bf51eb728d2953e8ebf20b1803831d6cf88,set7,1,female,English,notsure,notsure,30,1412.431,"['Excited', 'Devastated', 'Disappointed', 'Grateful', 'Annoyed', 'Relieved', 'Jealous', 'Terrified', 'Disgusted', 'Guilty', 'Impressed', 'Hopeful', 'Furious', 'Surprised', 'Joyful', 'Proud', 'Contemptuous', 'Apprehensive', 'Embarrassed', 'Content']",1,No I did not,I understood them all,7510,disdainful,AF25HAS,0,12000,0,21000
bf14175e114816c02c8d1f44ef498c7b82b4258b53b6ef7d3e9777c6,set128,1,female,English,split,split,29,1104.647,"['Terrified', 'Impressed', 'Proud', 'Grateful', 'Devastated', 'Annoyed', 'Hopeful', 'Surprised', 'Furious', 'Guilty', 'Disgusted', 'Content', 'Jealous', 'Excited', 'Embarrassed', 'Contemptuous', 'Disappointed', 'Relieved', 'Apprehensive', 'Joyful']",1,No,Yes,7510,disdainful,AF25HAS,0,12000,0,21000
8b1841f510f346ef7556967b5c283e99ec46087c3b0633daa605a327,set7,0,male,ENGLISH,steal,steal,96,5669.572,"['Surprised', 'Disappointed', 'Contemptuous', 'Hopeful', 'Disgusted', 'Content', 'Devastated', 'Grateful', 'Impressed', 'Terrified', 'Furious', 'Joyful', 'Annoyed', 'Jealous', 'Excited', 'Embarrassed', 'Guilty', 'Relieved', 'Apprehensive', 'Proud']",1,NO,YES ALL,12246,respectful,AF11SAS,16000,12000,42000,42000
2769d1eef1e89235bd74fee2ee9535acb4d709ef026c88a76d639372,set44,1,female,English,steal,split,76,1121.777,"['Furious', 'Grateful', 'Jealous', 'Joyful', 'Content', 'Devastated', 'Apprehensive', 'Guilty', 'Contemptuous', 'Hopeful', 'Excited', 'Proud', 'Impressed', 'Surprised', 'Relieved', 'Disgusted', 'Annoyed', 'Terrified', 'Embarrassed', 'Disappointed']",1,na,yes,7510,disdainful,AF25HAS,0,12000,42000,0
8a35b0f7e8d6e19197ed7f039d9be40601c2fdbaa7c94fb33cb8be9b,set120,1,male,Chinese,split,split,35,1460.716,"['Contemptuous', 'Grateful', 'Guilty', 'Disgusted', 'Hopeful', 'Terrified', 'Excited', 'Annoyed', 'Apprehensive', 'Content', 'Devastated', 'Relieved', 'Impressed', 'Proud', 'Furious', 'Disappointed', 'Jealous', 'Joyful', 'Embarrassed', 'Surprised']",1,no,Yes. I know.,7510,disdainful,AF25HAS,0,12000,0,21000
88a357af79cf018f91c5a93e6a4166178699fa97718bd0502b25ff24,set18,1,male,English,split,split,32,2762.373,"['Guilty', 'Disappointed', 'Relieved', 'Furious', 'Disgusted', 'Terrified', 'Excited', 'Apprehensive', 'Grateful', 'Surprised', 'Hopeful', 'Annoyed', 'Contemptuous', 'Content', 'Jealous', 'Impressed', 'Devastated', 'Embarrassed', 'Joyful', 'Proud']",1,Nope!,Totally familiar with all of them,7510,disdainful,AF25HAS,0,12000,0,21000
1dc9b8819528ca4973d08c3d3435205427030ba3e4908205b0bf7bc0,set54,1,female,English,split,notsure,40,2276.639,"['Devastated', 'Hopeful', 'Jealous', 'Relieved', 'Disappointed', 'Impressed', 'Proud', 'Contemptuous', 'Embarrassed', 'Disgusted', 'Guilty', 'Grateful', 'Surprised', 'Furious', 'Terrified', 'Joyful', 'Annoyed', 'Apprehensive', 'Content', 'Excited']",1,No,I knew the meaning of all of the terms.,7510,disdainful,AF25HAS,0,12000,0,21000